<?xml version="1.0" encoding="UTF-8"?>
<configuration>
<include resource="org/springframework/boot/logging/logback/base.xml"/>


  
  <property name="LOG_DIR" value="logs" />

	<appender name="STDOUT" class="ch.qos.logback.core.ConsoleAppender">
		<layout class="ch.qos.logback.classic.PatternLayout">
			<Pattern>
				%d{yyyy-MM-dd HH:mm:ss} [%thread] %-5level %logger{36} - %msg%n
			</Pattern>
		</layout>
	</appender>

	<appender name="DEBUG_LOG" class="ch.qos.logback.core.rolling.RollingFileAppender">
	
		<file>${LOG_DIR}/DEBUG_Vehicle.log</file>
		<encoder class="ch.qos.logback.classic.encoder.PatternLayoutEncoder">
			<Pattern>
				%d{yyyy-MM-dd HH:mm:ss} [%thread] %-5level %logger{36} - %msg%n
			</Pattern>
		</encoder>

		<rollingPolicy class="ch.qos.logback.core.rolling.TimeBasedRollingPolicy">
		<!-- rollover daily -->
			<fileNamePattern>${LOG_DIR}/archived/DEBUG_Vehicle_bkp.%d{yyyy-MM-dd}.%i.log</fileNamePattern>
			<timeBasedFileNamingAndTriggeringPolicy class="ch.qos.logback.core.rolling.SizeAndTimeBasedFNATP">
				<maxFileSize>10MB</maxFileSize>
			</timeBasedFileNamingAndTriggeringPolicy>
		</rollingPolicy>

	</appender>

	<appender name="ERROR_LOG" class="ch.qos.logback.core.rolling.RollingFileAppender">
	
		<file>${LOG_DIR}/ERROR_Vehicle.log</file>
		<encoder class="ch.qos.logback.classic.encoder.PatternLayoutEncoder">
			<Pattern>
				%d{yyyy-MM-dd HH:mm:ss} [%thread] %-5level %logger{36} - %msg%n
			</Pattern>
		</encoder>

		<rollingPolicy class="ch.qos.logback.core.rolling.TimeBasedRollingPolicy">
		<!-- rollover daily -->
			<fileNamePattern>${LOG_DIR}/archived/ERROR_Vehicle_bkp.%d{yyyy-MM-dd}.%i.log</fileNamePattern>
			<timeBasedFileNamingAndTriggeringPolicy class="ch.qos.logback.core.rolling.SizeAndTimeBasedFNATP">
				<maxFileSize>10MB</maxFileSize>
			</timeBasedFileNamingAndTriggeringPolicy>
		</rollingPolicy>

	</appender>
	
	
	<appender name="INFO_LOG" class="ch.qos.logback.core.rolling.RollingFileAppender">
	
		<file>${LOG_DIR}/INFO_Vehicle.log</file>
		<encoder class="ch.qos.logback.classic.encoder.PatternLayoutEncoder">
			<Pattern>
				%d{yyyy-MM-dd HH:mm:ss} [%thread] %-5level %logger{36} - %msg%n
			</Pattern>
		</encoder>

		<rollingPolicy class="ch.qos.logback.core.rolling.TimeBasedRollingPolicy">
		<!-- rollover daily -->
			<fileNamePattern>${LOG_DIR}/archived/INFO_Vehicle_bkp.%d{yyyy-MM-dd}.%i.log</fileNamePattern>
			<timeBasedFileNamingAndTriggeringPolicy class="ch.qos.logback.core.rolling.SizeAndTimeBasedFNATP">
				<maxFileSize>10MB</maxFileSize>
			</timeBasedFileNamingAndTriggeringPolicy>
		</rollingPolicy>

	</appender>
	
	
	
	<appender name="WARN_LOG" class="ch.qos.logback.core.rolling.RollingFileAppender">
	
		<file>${LOG_DIR}/WARN_Vehicle.log</file>
		<encoder class="ch.qos.logback.classic.encoder.PatternLayoutEncoder">
			<Pattern>
				%d{yyyy-MM-dd HH:mm:ss} [%thread] %-5level %logger{36} - %msg%n
			</Pattern>
		</encoder>

		<rollingPolicy class="ch.qos.logback.core.rolling.TimeBasedRollingPolicy">
		<!-- rollover daily -->
			<fileNamePattern>${LOG_DIR}/archived/WARN_Vehicle_bkp.%d{yyyy-MM-dd}.%i.log</fileNamePattern>
			<timeBasedFileNamingAndTriggeringPolicy class="ch.qos.logback.core.rolling.SizeAndTimeBasedFNATP">
				<maxFileSize>10MB</maxFileSize>
			</timeBasedFileNamingAndTriggeringPolicy>
		</rollingPolicy>

	</appender>
	
	
	

	<!-- Send logs to both console and file audit 
	<logger name="com.infotech.app" level="debug" additivity="false">
		<appender-ref ref="FILE-AUDIT" />
		<appender-ref ref="STDOUT" />
	</logger>

	<root level="error">
		<appender-ref ref="FILE-ERROR" />
	</root>
	
	-->





	<springProfile name="default">
		<root level="info">
			<appender-ref ref="STDOUT"/>
			<appender-ref ref="INFO_LOG"/>
		</root>


		<logger name="com.tcs.infy" additivity="false" level="info">
			<appender-ref ref="STDOUT"/>
			<appender-ref ref="INFO_LOG"/>
		</logger>
	</springProfile>

	<springProfile name="prod">
		<root level="info">
			<appender-ref ref="STDOUT"/>
			<appender-ref ref="INFO_LOG"/>
		</root>


		<logger name="com.tcs.infy" additivity="false" level="info">
			<appender-ref ref="STDOUT"/>
			<appender-ref ref="INFO_LOG"/>
		</logger>
	</springProfile>
  
 
  

  
  
  
  <!--#################BELOW APPENDER are note used IS HERE FOR FUTURE REEFRENCE ############################ 
	<appender name="FILE-AUDIT" class="ch.qos.logback.core.rolling.RollingFileAppender">
	
		<file>${DEV_HOME}/debug.log</file>
		<encoder class="ch.qos.logback.classic.encoder.PatternLayoutEncoder">
			<Pattern>
				%d{yyyy-MM-dd HH:mm:ss} [%thread] %-5level %logger{36} - %msg%n
			</Pattern>
		</encoder>

		<rollingPolicy class="ch.qos.logback.core.rolling.SizeAndTimeBasedRollingPolicy">
			<fileNamePattern>
	        ${LOG_PATH}/archived/log_%d{dd-MM-yyyy}_%i.log
	      </fileNamePattern>
	     
	      <maxFileSize>10MB</maxFileSize>
	      <maxHistory>10</maxHistory>
	      <totalSizeCap>100MB</totalSizeCap>
   		 </rollingPolicy>

	</appender>
	
	
	<appender name="FILE-AUDITs" class="ch.qos.logback.core.rolling.RollingFileAppender">
	
		<file>${DEV_HOME}/debug.log</file>
		<encoder class="ch.qos.logback.classic.encoder.PatternLayoutEncoder">
			<Pattern>
				%d{yyyy-MM-dd HH:mm:ss} [%thread] %-5level %logger{36} - %msg%n
			</Pattern>
		</encoder>

		<rollingPolicy class="ch.qos.logback.core.rolling.FixedWindowRollingPolicy">
	      <fileNamePattern>
	        ${LOG_PATH}/log_%i.log
	      </fileNamePattern>
	      <minIndex>2</minIndex>
	      <maxIndex>3</maxIndex>
	    </rollingPolicy>

	</appender>
################################-->	
  
  
  
  

</configuration>